源文件,服务端相对路径,大小,修改时间,SHA256,识别编码,标签数,重复标签,CALL数
D:\MirServer\Mir200\Envir\EffectImageList.txt,Mir200\Envir\EffectImageList.txt,243,2026-08-14T12:02:12,2d452733d98cbb1cec86f616b9a48cb3ea02962111c4267f4cd0db40ed499682,utf-8-sig,0,,0
D:\MirServer\Mir200\Envir\MapQuest_Def\QManage.txt,Mir200\Envir\MapQuest_Def\QManage.txt,257420,2026-08-14T22:52:53,8a9dabad3432eeebd1e524ce742fe625f940f9cf555bcf7a33844c015f63e8e3,gb18030,13,,19
D:\MirServer\Mir200\Envir\Market_Def\QFunction-0.txt,Mir200\Envir\Market_Def\QFunction-0.txt,968181,2026-08-16T19:43:23,285a08dc16ab3bec6403755f73ceddb0ffd7777ee498098ca7ffc6b512609d19,gb18030,511,,24
D:\MirServer\Mir200\Envir\Market_Def\玄渊NPC\传送阵-XX105.txt,Mir200\Envir\Market_Def\玄渊NPC\传送阵-XX105.txt,153,2026-08-08T14:56:44,f4a64d3430607cc86365524de419200c5f935784d13bb3e362c45e543c15bde5,gb18030,1,,0
D:\MirServer\Mir200\Envir\Market_Def\玄渊NPC\关卡前废墟传送员-XY_NMGF_MAIN.txt,Mir200\Envir\Market_Def\玄渊NPC\关卡前废墟传送员-XY_NMGF_MAIN.txt,124,2026-08-08T19:19:37,7dec0ebe7e949ed8e96cbe49f0c078a8afa83fba6483b841baa312c768127354,gb18030,2,,0
D:\MirServer\Mir200\Envir\Market_Def\玄渊NPC\史东薇尔王城传送员-XY_NMGF_MAIN.txt,Mir200\Envir\Market_Def\玄渊NPC\史东薇尔王城传送员-XY_NMGF_MAIN.txt,128,2026-08-08T19:19:37,61b2f0ffc35aa1ab93701640daaa57f0d7db36f2f3efdd3fa8e9d0fdfcd2a48e,gb18030,2,,0
D:\MirServer\Mir200\Envir\Market_Def\玄渊NPC\失乡者海岸-XY_DRIFTING_ISLANDS.txt,Mir200\Envir\Market_Def\玄渊NPC\失乡者海岸-XY_DRIFTING_ISLANDS.txt,130,2026-08-08T14:56:44,7079964e49c4fbd62f51971f874a121861c513ed5447e41b72b9768361974985,gb18030,2,,0
D:\MirServer\Mir200\Envir\Market_Def\玄渊NPC\沉没王庭-XY_DRIFTING_ISLANDS.txt,Mir200\Envir\Market_Def\玄渊NPC\沉没王庭-XY_DRIFTING_ISLANDS.txt,124,2026-08-08T14:56:44,6cfa25a069354722381a5bd122818b4b35785e0bd79c417cecd6b6f5932e7e18,gb18030,2,,0
D:\MirServer\Mir200\Envir\Market_Def\玄渊NPC\漂流墓地传送员-XY_NMGF_MAIN.txt,Mir200\Envir\Market_Def\玄渊NPC\漂流墓地传送员-XY_NMGF_MAIN.txt,121,2026-08-08T19:19:37,0b2d63fc6d82df84b5c997ebe925b417d8ec99c32bc892ae80d410a850920383,gb18030,2,,0
D:\MirServer\Mir200\Envir\Market_Def\玄渊NPC\神树赐福-XY_NMGF_MAIN.txt,Mir200\Envir\Market_Def\玄渊NPC\神树赐福-XY_NMGF_MAIN.txt,22895,2026-08-16T21:01:22,eda5d4fad76b6dd699d21a79db41dd415b0ee520849fc86abf09149e2f7ee560,gb18030,52,,0
D:\MirServer\Mir200\Envir\Market_Def\玄渊NPC\迷雾丛林传送员-XY_NMGF_MAIN.txt,Mir200\Envir\Market_Def\玄渊NPC\迷雾丛林传送员-XY_NMGF_MAIN.txt,121,2026-08-08T19:19:37,44043a3abfd50cec17749bf9ce27d8af4cfc98ed9d68388cd554a10784becc52,gb18030,2,,0
D:\MirServer\Mir200\Envir\Market_Def\玄渊NPC\风暴山谷传送员-XY_NMGF_MAIN.txt,Mir200\Envir\Market_Def\玄渊NPC\风暴山谷传送员-XY_NMGF_MAIN.txt,120,2026-08-08T19:19:37,d0979cc52e8547fa8d7091aa308201f0a215d8eaa9a578d62a145a728f963422,gb18030,2,,0
D:\MirServer\Mir200\Envir\Market_Def\玄渊NPC\风暴断礁-XY_DRIFTING_ISLANDS.txt,Mir200\Envir\Market_Def\玄渊NPC\风暴断礁-XY_DRIFTING_ISLANDS.txt,126,2026-08-08T14:56:44,1e2cb0e475e2682d6d563f6b877b71c819e32570021de22ada14dce20a060914,gb18030,2,,0
D:\MirServer\Mir200\Envir\Market_Def\玄渊任务\漂流群岛\拾骸女_梅芙-XX113.txt,Mir200\Envir\Market_Def\玄渊任务\漂流群岛\拾骸女_梅芙-XX113.txt,1326,2026-08-06T00:26:55,27ab70c0827fe823e379cd76506005948810e28d9f4101ffcca0aeb2372036f1,gb18030,5,,0
D:\MirServer\Mir200\Envir\Market_Def\玄渊任务\漂流群岛\断誓骑士_罗恩-XX329.txt,Mir200\Envir\Market_Def\玄渊任务\漂流群岛\断誓骑士_罗恩-XX329.txt,1328,2026-08-06T00:26:55,eb16e0d2fdd6ca23d20ca30f804bd545038c974db77838cd656a3ffce32fea6b,gb18030,5,,0
D:\MirServer\Mir200\Envir\Market_Def\玄渊任务\漂流群岛\无冠史官_塞蕾-XX104.txt,Mir200\Envir\Market_Def\玄渊任务\漂流群岛\无冠史官_塞蕾-XX104.txt,1409,2026-08-06T00:26:55,3cdbcda7132e5de63f12651514aca856538ffef95496caa89b7d2a39dbc000ab,gb18030,5,,0
D:\MirServer\Mir200\Envir\Market_Def\玄渊实验室\处决\处决测试员-0.txt,Mir200\Envir\Market_Def\玄渊实验室\处决\处决测试员-0.txt,2127,2026-07-24T09:33:51,0f83ed66c966ff1f99ee32ce2d2db45f4ebfef5177b87247abc0c95f05bb58a1,gb18030,10,,0
D:\MirServer\Mir200\Envir\Market_Def\玄渊实验室\技能强化\技能强化测试员-0.txt,Mir200\Envir\Market_Def\玄渊实验室\技能强化\技能强化测试员-0.txt,835,2026-07-24T18:02:07,3326f081b6254614f1bff793d5c4f82e8cbdafaff65196b4d0426f819610c040,gb18030,4,,0
D:\MirServer\Mir200\Envir\Market_Def\玄渊实验室\装备开光-XY_NMGF_MAIN.txt,Mir200\Envir\Market_Def\玄渊实验室\装备开光-XY_NMGF_MAIN.txt,39288,2026-08-08T19:43:47,8bb71e8b6fa85562c9612c7ba5d64352c4d21978293ba455fa0696b5383dcaa2,gb18030,15,,0
D:\MirServer\Mir200\Envir\Market_Def\玄渊实验室\装备洗练-XY_NMGF_MAIN.txt,Mir200\Envir\Market_Def\玄渊实验室\装备洗练-XY_NMGF_MAIN.txt,32180,2026-08-08T19:43:47,d51ca2d0828ac7d8c07a771b1e1ac68cc93f6ef4e8e2a543b49f3b603e95a0bd,gb18030,13,,0
D:\MirServer\Mir200\Envir\Market_Def\玄渊实验室\项链幸运-XY_NMGF_MAIN.txt,Mir200\Envir\Market_Def\玄渊实验室\项链幸运-XY_NMGF_MAIN.txt,30238,2026-08-10T11:48:31,a7ab802d491f1cf470911fd02d0506349b792b0e8bd0ee37f12cdd8d280e6004,gb18030,4,,0
D:\MirServer\Mir200\Envir\Market_Def\玄渊成长\军鼓升级-xycamp.txt,Mir200\Envir\Market_Def\玄渊成长\军鼓升级-xycamp.txt,10691,2026-07-30T14:50:47,bba3daa5e9ee00dcb0cccab70e9faf714e01da312e501819ddf1b37918e1412a,gb18030,21,,0
D:\MirServer\Mir200\Envir\Market_Def\玄渊成长\圣律之剑进阶-XY_NMGF_MAIN.txt,Mir200\Envir\Market_Def\玄渊成长\圣律之剑进阶-XY_NMGF_MAIN.txt,13012,2026-08-15T16:06:00,ef21fe343eefd675781446b911e59fe7e31329817ad4b8449986fd8acc640188,gb18030,23,,0
D:\MirServer\Mir200\Envir\Market_Def\玄渊成长\神印修行-XY_NMGF_MAIN.txt,Mir200\Envir\Market_Def\玄渊成长\神印修行-XY_NMGF_MAIN.txt,269345,2026-08-16T19:43:23,d764596facaf597d9197c3eb0b351d5dc0f7e48e6b4359c3428cfba86eb1e652,gb18030,413,,0
D:\MirServer\Mir200\Envir\Market_Def\玄渊成长\转生-xycamp.txt,Mir200\Envir\Market_Def\玄渊成长\转生-xycamp.txt,31112,2026-08-16T18:47:09,4a2512b1b571ece5860804b0ea15cf1bf725082778780bff1e867c47b5054907,gb18030,82,,0
D:\MirServer\Mir200\Envir\Market_Def\玄渊成长\马牌升级-xycamp.txt,Mir200\Envir\Market_Def\玄渊成长\马牌升级-xycamp.txt,10694,2026-07-30T14:50:47,369f81bf1d8a91c04f1286912a27d343dc64557dc0f0ad5e96a1f1ebee50b0ae,gb18030,21,,0
D:\MirServer\Mir200\Envir\Market_Def\玄渊成长\黄金圣物进阶-XY_NMGF_MAIN.txt,Mir200\Envir\Market_Def\玄渊成长\黄金圣物进阶-XY_NMGF_MAIN.txt,13012,2026-08-15T16:06:00,24ba7b33a7c67840ab4753c5ca0b63c1a7e4de5c429e699843e0acb01efb8cf7,gb18030,23,,0
D:\MirServer\Mir200\Envir\Market_Def\玄渊新手\新手礼包-xycamp.txt,Mir200\Envir\Market_Def\玄渊新手\新手礼包-xycamp.txt,669,2026-07-30T00:56:24,bd19f9adb84485e041e7ef9866c15cd3502ebc2aaa17e660f242a02fc6e385e4,gb18030,2,,0
D:\MirServer\Mir200\Envir\Market_Def\玄渊运营\沙城捐献-0.txt,Mir200\Envir\Market_Def\玄渊运营\沙城捐献-0.txt,1129,2026-07-17T22:19:53,a7804ea166553320ceabfefd75552b32eb309c0d0147aabec6bce30d1233e9c2,gb18030,5,,0
D:\MirServer\Mir200\Envir\Market_Def\玄渊运营\沙城捐献-xycamp.txt,Mir200\Envir\Market_Def\玄渊运营\沙城捐献-xycamp.txt,509,2026-07-30T22:13:05,b1a997a4805dd46b75dfe2cd6762ad63c8de32c6ff12bd348cbb9a9d4c3f9404,gb18030,3,,1
D:\MirServer\Mir200\Envir\Market_Def\玄渊运营\狂暴之力-0.txt,Mir200\Envir\Market_Def\玄渊运营\狂暴之力-0.txt,129,2026-07-26T01:09:21,31b3e22059e064049df239c402c4188ce4b3c1f64d906ce36864214f411f84cf,gb18030,1,,1
D:\MirServer\Mir200\Envir\Market_Def\玄渊运营\狂暴之力-xycamp.txt,Mir200\Envir\Market_Def\玄渊运营\狂暴之力-xycamp.txt,129,2026-07-30T00:56:24,31b3e22059e064049df239c402c4188ce4b3c1f64d906ce36864214f411f84cf,gb18030,1,,1
D:\MirServer\Mir200\Envir\Market_Def\玄渊运营\赞助称号-xycamp.txt,Mir200\Envir\Market_Def\玄渊运营\赞助称号-xycamp.txt,3006,2026-07-30T11:51:38,f79485317fef244ac5ba5b7a965f87a827050923b653db1779aaba765876a863,gb18030,6,,4
D:\MirServer\Mir200\Envir\QuestDiary\玄渊功能\常驻基础\升级自动三级基础技能.txt,Mir200\Envir\QuestDiary\玄渊功能\常驻基础\升级自动三级基础技能.txt,8264,2026-07-17T20:22:57,7febd0726396d875d6d4e4ecc28ef92bb969e7d3022689375b697cae6f5c0a51,gb18030,1,,0
D:\MirServer\Mir200\Envir\QuestDiary\玄渊功能\常驻基础\死亡自动回初始营地.txt,Mir200\Envir\QuestDiary\玄渊功能\常驻基础\死亡自动回初始营地.txt,332,2026-08-10T18:28:30,fa2d7cdc672407c659a608c8e08b72423e2d2548960ae209dce223a5f03d3863,gb18030,1,,0
D:\MirServer\Mir200\Envir\QuestDiary\玄渊功能\捐献\捐献核心.txt,Mir200\Envir\QuestDiary\玄渊功能\捐献\捐献核心.txt,1887,2026-07-30T22:13:05,28d9645a9cfecd61ff78f60d8a1a71f40c88b7c6bf4cfa8e906764bb6c59a273,gb18030,2,,0
D:\MirServer\Mir200\Envir\QuestDiary\玄渊功能\狂暴\狂暴NPC接口.txt,Mir200\Envir\QuestDiary\玄渊功能\狂暴\狂暴NPC接口.txt,861,2026-07-30T10:55:52,9bcf2100916f5b4c22494a6b6bc1d0da60fa8b12fe3eb39c020b162e1ca6a58d,gb18030,2,,2
D:\MirServer\Mir200\Envir\QuestDiary\玄渊功能\狂暴\狂暴核心.txt,Mir200\Envir\QuestDiary\玄渊功能\狂暴\狂暴核心.txt,3185,2026-07-30T10:55:52,5e780f6342ef9ea3229d8a1018547c77c7f38e348be8136cd99d28f584f046f2,gb18030,5,,0
D:\MirServer\Mir200\Envir\QuestDiary\玄渊功能\狂暴\狂暴界面刷新接口.txt,Mir200\Envir\QuestDiary\玄渊功能\狂暴\狂暴界面刷新接口.txt,401,2026-07-26T08:15:21,7f70021bc72ce97e3546e7a65361429380a53f23db023af97f5763f5f7411160,gb18030,1,,1
D:\MirServer\Mir200\Envir\QuestDiary\玄渊功能\非常驻\属性总览\玄渊三属性按钮.txt,Mir200\Envir\QuestDiary\玄渊功能\非常驻\属性总览\玄渊三属性按钮.txt,15753,2026-08-14T18:58:53,4d1fc044907808dd21c9d5a2b6d86e5b3daf131f1fc4bb6760e9cc7e8bda7730,gb18030,11,,11
D:\MirServer\Mir200\Envir\QuestDiary\玄渊功能\非常驻\属性总览\玄渊三属性登录重算.txt,Mir200\Envir\QuestDiary\玄渊功能\非常驻\属性总览\玄渊三属性登录重算.txt,135,2026-07-25T23:58:59,4a2e8eed0e0377c477980bba1f171a9bcfa4333880997019e84bf088e290c876,gb18030,1,,0
D:\MirServer\Mir200\Envir\QuestDiary\玄渊实验室\伤害系数\伤害系数核心.txt,Mir200\Envir\QuestDiary\玄渊实验室\伤害系数\伤害系数核心.txt,1419,2026-07-25T00:39:10,4b5d23f30d1fa66aeaa2a4576f785dc785844b0cd4c2aa7f7f6e341d58358576,gb18030,6,,0
D:\MirServer\Mir200\Envir\QuestDiary\玄渊实验室\处决\处决重甲跪地外观.txt,Mir200\Envir\QuestDiary\玄渊实验室\处决\处决重甲跪地外观.txt,769,2026-08-05T09:17:57,136f326f89c357ce300ff5718ca0229531c0de26267228d44ab29d9e2748eeba,gb18030,2,,0
D:\MirServer\Mir200\Envir\QuestDiary\玄渊实验室\技能强化\登录补写.txt,Mir200\Envir\QuestDiary\玄渊实验室\技能强化\登录补写.txt,485,2026-07-24T18:06:57,8b739e41cefe28262e50f15bec1ef5ada0c8f68101ce5c0c175381ceac590c72,gb18030,3,,0
D:\MirServer\Mir200\Envir\QuestDiary\玄渊实验室\装备洗练\仙级直出.txt,Mir200\Envir\QuestDiary\玄渊实验室\装备洗练\仙级直出.txt,24927,2026-08-08T16:20:25,04ca49bb6cd51ba3c06ef3f846b81bc21a2dbe3d2183abb886eb80da92428f9e,gb18030,11,,0
D:\MirServer\Mir200\Envir\QuestDiary\玄渊实验室\装备洗练\圣级直出.txt,Mir200\Envir\QuestDiary\玄渊实验室\装备洗练\圣级直出.txt,31392,2026-08-08T16:20:25,608598d30e668194724eb321b05cbd57839a722aed71d3e48f3310a97fb12cee,gb18030,13,,0
D:\MirServer\Mir200\Envir\QuestDiary\玄渊实验室\装备洗练\天赐开光.txt,Mir200\Envir\QuestDiary\玄渊实验室\装备洗练\天赐开光.txt,38799,2026-08-08T16:20:25,5a2f0ac58c1991689cf8a71bcb1fc2563af7badf5b53672d1d68e9a06c77f9f5,gb18030,15,,0
D:\MirServer\Mir200\Envir\QuestDiary\玄渊实验室\装备洗练\神佑开光.txt,Mir200\Envir\QuestDiary\玄渊实验室\装备洗练\神佑开光.txt,46308,2026-08-08T16:20:25,33408aac3d668384de180b185e8702edc3b0d0748f14fb6c0db81b229f9b5b0d,gb18030,17,,0
D:\MirServer\Mir200\Envir\QuestDiary\玄渊实验室\项链幸运\项链幸运核心.txt,Mir200\Envir\QuestDiary\玄渊实验室\项链幸运\项链幸运核心.txt,1985,2026-07-31T14:56:46,a5cdc8e7020c2ffa74996b1692d5af16be9365134daa7b92ca2c602d014ad3eb,utf-8-sig,2,,0
D:\MirServer\Mir200\Envir\QuestDiary\玄渊成长\神印与称号\神印基础核心.txt,Mir200\Envir\QuestDiary\玄渊成长\神印与称号\神印基础核心.txt,271884,2026-08-10T11:48:31,0b7169265ad47669e572026b1b41149ae7fc3688e1b8fcb580298483fa992ba0,gb18030,413,,0
D:\MirServer\Mir200\Envir\QuestDiary\玄渊成长\神印与称号\称号晋升核心.txt,Mir200\Envir\QuestDiary\玄渊成长\神印与称号\称号晋升核心.txt,23174,2026-08-16T21:01:22,24efc1f6155a65cd79392560f3e9f2dfc1ce0866a8c9b4893a7246b5b52928c4,gb18030,52,,0
D:\MirServer\Mir200\Envir\QuestDiary\玄渊数据\xy_donate\捐献状态.txt,Mir200\Envir\QuestDiary\玄渊数据\xy_donate\捐献状态.txt,78,2026-07-30T21:58:10,ef462e27314fa65de38279a5b9fc29421a362636093e2a118823d8c7e771d7b4,gb18030,0,,0
D:\MirServer\Mir200\Envir\QuestDiary\玄渊数据\新手礼包\已领取.txt,Mir200\Envir\QuestDiary\玄渊数据\新手礼包\已领取.txt,16,2026-07-30T17:54:13,bb5b393f4b26942d2255de159f22db33620568b7a8854384b962c866448181da,gb18030,0,,0
D:\MirServer\Mir200\Envir\QuestDiary\玄渊诊断\失乡者三图1分钟首刷.txt,Mir200\Envir\QuestDiary\玄渊诊断\失乡者三图1分钟首刷.txt,2824,2026-08-04T17:18:07,42fc3e0ae73b3f572dc5d623a24c3bc8b76b25ee2c4be08fc66e982d839bc69c,utf-8-sig,0,,0
D:\MirServer\Mir200\Envir\QuestDiary\玄渊诊断\失乡者原间隔首刷复核.txt,Mir200\Envir\QuestDiary\玄渊诊断\失乡者原间隔首刷复核.txt,1150,2026-08-04T17:24:37,ed3c39a3c13162a99fc8a5a07e33ab3f4972804177e6986e16ec5bf58f03bb56,utf-8-sig,0,,0
D:\MirServer\Mir200\Envir\QuestDiary\玄渊诊断\沉没王庭对照计数.txt,Mir200\Envir\QuestDiary\玄渊诊断\沉没王庭对照计数.txt,4299,2026-08-04T16:12:25,dda808f3bbe00f6f6da019655a107d85361ce5e8193ba8c953ad3e7f7452006b,utf-8-sig,0,,0
D:\MirServer\Mir200\Envir\QuestDiary\玄渊诊断\沉没王庭干净重启复核.txt,Mir200\Envir\QuestDiary\玄渊诊断\沉没王庭干净重启复核.txt,3306,2026-08-04T16:34:43,2bf564c1747ce8653af9e2a0ce035e74f322e69b6be7af2a6b9d719a493c25b6,utf-8-sig,0,,0
D:\MirServer\Mir200\Envir\QuestDiary\玄渊诊断\沉没王庭怪物计数.txt,Mir200\Envir\QuestDiary\玄渊诊断\沉没王庭怪物计数.txt,12144,2026-08-04T15:42:39,efa4a3f9c1ba5a5da16b6688d4b4d1adddf812fb8d40827ec660ec022462aaef,utf-8-sig,0,,0
D:\MirServer\Mir200\Envir\QuestDiary\玄渊配置\复活图标配置.txt,Mir200\Envir\QuestDiary\玄渊配置\复活图标配置.txt,181,2026-07-25T18:10:03,b0330319f93c03f1bfc5d4a277ca58d9a0a4715b023b57eaa263ffabfcf684c2,gb18030,0,,0
D:\MirServer\Mir200\Envir\QuestDiary\玄渊配置\沙城捐献配置.txt,Mir200\Envir\QuestDiary\玄渊配置\沙城捐献配置.txt,364,2026-07-30T22:13:05,2ce490814249af568ba5b46373a8ab5a5e3983d93d5dcd09d8adddb3a1580f68,gb18030,0,,0
D:\MirServer\Mir200\Envir\QuestDiary\玄渊配置\狂暴配置.txt,Mir200\Envir\QuestDiary\玄渊配置\狂暴配置.txt,363,2026-07-30T10:55:52,38e650b3478f1e9870ad12352c2c1052f1e2cae930a94c8b3e1fe970e3d189c3,gb18030,0,,0
D:\MirServer\Mir200\Envir\QuestDiary\玄渊验收\events.txt,Mir200\Envir\QuestDiary\玄渊验收\events.txt,27047,2026-07-31T18:23:51,431c4e7051f43781890df5eab4001a226281162ccea1695049b523f9bb62471b,gb18030,0,,0
D:\MirServer\Mir200\Envir\Robot_def\AutoRunRobot.txt,Mir200\Envir\Robot_def\AutoRunRobot.txt,535,2026-08-10T15:43:11,8b97469443bce292c23affe8ed4532cb9d6ad8306c397c740413d1a07f6d0d9b,gb18030,0,,0
D:\MirServer\Mir200\Envir\Robot_def\RobotManage.txt,Mir200\Envir\Robot_def\RobotManage.txt,6579,2026-08-10T19:34:06,ba099d5d71e70289577e1ed34cb8d47d1ee6adf019299a12c298a97a9fa94538,gb18030,11,,0
D:\MirServer\Mir200\Envir\UserCmd.txt,Mir200\Envir\UserCmd.txt,143,2026-08-15T15:32:24,9155f24ffb0163aff89af27479af8de846988320d746bee154cd8eecc3281792,gb18030,0,,0
